AddressID;Person;OrdinalNumber;IsDefaultEmailAddress;EmailAddress;SearchEmailAddress;AddressCommunicationRemarkText
Addres1331;Person516;Ash;true;EmailAddress9051;SearchEmailAddre228;AddressCommunicationRemarkText6895
Addres5486;Person7880;LN0;false;EmailAddress4500;SearchEmailAddre8398;AddressCommunicationRemarkText4618
Addres7488;Person5205;RUj;true;EmailAddress410;SearchEmailAddre7590;AddressCommunicationRemarkText8650
Addres6097;Person4319;O1c;true;EmailAddress3037;SearchEmailAddre3817;AddressCommunicationRemarkText5615
Addres4628;Person3562;TVA;true;EmailAddress5853;SearchEmailAddre8307;AddressCommunicationRemarkText8232
Addres9072;Person2821;EHD;true;EmailAddress8225;SearchEmailAddre6529;AddressCommunicationRemarkText3010
Addres2899;Person3433;isS;true;EmailAddress4726;SearchEmailAddre2057;AddressCommunicationRemarkText7600
Addres6266;Person363;1WI;false;EmailAddress9126;SearchEmailAddre1659;AddressCommunicationRemarkText7492
Addres8809;Person1471;JFu;false;EmailAddress6012;SearchEmailAddre5664;AddressCommunicationRemarkText3526
Addres7908;Person3620;oz8;true;EmailAddress6926;SearchEmailAddre6200;AddressCommunicationRemarkText5298